accuracy,log_loss,brier_score,model
0.5737279335410177,0.8944543290602048,0.5290239424531515,challenger_poisson
0.5768431983385255,0.9014164582777547,0.533377785866819,challenger_logistic
0.5758047767393562,0.9076663343366732,0.536292717096256,champion_xgboost
0.5654205607476636,0.9818624298423745,0.5641185026877619,challenger_lightgbm
